{"cameraMode":{"drawMode":0,"name":"Shaded","section":"Shading Mode"},"sceneLighting":false,"audioPlay":false,"sceneViewState":{"showFog":true,"showMaterialUpdate":false,"showSkybox":true,"showFlares":true,"showImageEffects":true,"showParticleSystems":true},"in2DMode":false,"pivot":{"x":-1.7695956230163575,"y":-0.9994523525238037,"z":5.191209316253662},"rotation":{"x":-0.11131324619054795,"y":0.8181992173194885,"z":-0.1692691147327423,"w":-0.5380589962005615},"size":11.027402877807618,"orthographic":false}