{"cameraMode":{"drawMode":0,"name":"Shaded","section":"Shading Mode"},"sceneLighting":false,"audioPlay":false,"sceneViewState":{"showFog":true,"showMaterialUpdate":false,"showSkybox":true,"showFlares":true,"showImageEffects":true,"showParticleSystems":true},"in2DMode":false,"pivot":{"x":-7.221202850341797,"y":1.435781717300415,"z":-14.65356731414795},"rotation":{"x":-0.31661608815193179,"y":-0.4467456042766571,"z":0.1727627068758011,"w":-0.8187342286109924},"size":0.5864118337631226,"orthographic":false}