{"cameraMode":{"drawMode":0,"name":"Shaded","section":"Shading Mode"},"sceneLighting":false,"audioPlay":false,"sceneViewState":{"showFog":true,"showMaterialUpdate":false,"showSkybox":true,"showFlares":true,"showImageEffects":true,"showParticleSystems":true},"in2DMode":false,"pivot":{"x":1.497463583946228,"y":1.0050592422485352,"z":0.4729364216327667},"rotation":{"x":-0.020181013271212579,"y":0.7061862945556641,"z":-0.020130619406700136,"w":-0.7074520587921143},"size":0.1587064117193222,"orthographic":false}