{"cameraMode":{"drawMode":0,"name":"Shaded","section":"Shading Mode"},"sceneLighting":false,"audioPlay":false,"sceneViewState":{"showFog":true,"showMaterialUpdate":false,"showSkybox":false,"showFlares":true,"showImageEffects":true,"showParticleSystems":true},"in2DMode":false,"pivot":{"x":-0.01080000028014183,"y":0.003750000149011612,"z":0.0},"rotation":{"x":-0.3983258903026581,"y":0.4822244644165039,"z":-0.26124614477157595,"w":-0.7352187037467957},"size":0.796808660030365,"orthographic":false}